name,frequency,band,province,municipality,category,official_source,notes
Be,99.7 FM,FM,,,Variada,INDOTEL,"Referencia institucional 2025"
Caliente,104.1 FM,FM,,,Variada,INDOTEL,"Referencia institucional 2025"
CDN Radio,92.5 FM,FM,,,Noticias y opinión,INDOTEL,"La fuente institucional muestra 92.4; verificar frecuencia vigente antes de publicación"
La Nota Diferente,95.7 FM,FM,,,Variada,INDOTEL,"Referencia institucional 2025"
La Nueva,106.9 FM,FM,,,Variada,INDOTEL,"Referencia institucional 2025"
La Rocka,91.7 FM,FM,,,Rock,INDOTEL,"Referencia institucional 2025"
La Voz de las Fuerzas Armadas,102.7 FM,FM,,,Noticias y opinión,INDOTEL,"Referencia institucional 2025"
Disco 106,106.1 FM,FM,,,Pop,INDOTEL,"Referencia institucional 2025"
La X-102,102.1 FM,FM,,,Rock,INDOTEL,"Referencia institucional 2025"
Dominicana,98.9 FM,FM,,,Variada,INDOTEL,"Referencia institucional 2025"
Latidos,93.7 FM,FM,,,Romántica,INDOTEL,"Referencia institucional 2025"
Escándalo,102.5 FM,FM,,,Variada,INDOTEL,"Referencia institucional 2025"
Escape,88.9 FM,FM,,,Variada,INDOTEL,"Referencia institucional 2025"
Neón,89.3 FM,FM,,,Pop,INDOTEL,"Referencia institucional 2025"
Estación,91.7 FM,FM,,,Variada,INDOTEL,"Referencia institucional 2025"
Estrella 90,90.5 FM,FM,,,Variada,INDOTEL,"Referencia institucional 2025"
Exa,96.9 FM,FM,,,Pop,INDOTEL,"Referencia institucional 2025"
Fidelity,94.1 FM,FM,,,Variada,INDOTEL,"Referencia institucional 2025"
Fuego 90,90.1 FM,FM,,,Variada,INDOTEL,"Referencia institucional 2025"
HIJB,830 AM,AM,,,Noticias y opinión,INDOTEL,"Referencia institucional 2025"
Hit 92,92.1 FM,FM,,,Pop,INDOTEL,"Referencia institucional 2025"
Independencia,93.4 FM,FM,,,Variada,INDOTEL,"Referencia institucional 2025"
Kiss 95,94.9 FM,FM,,,Variada,INDOTEL,"Referencia institucional 2025"
KQ 94,94.5 FM,FM,,,Variada,INDOTEL,"Referencia institucional 2025"
La Bakana,105.7 FM,FM,,,Urbana,INDOTEL,"Referencia institucional 2025"
Montecristi FM,97.1 FM,FM,Montecristi,,Variada,INDOTEL,"Referencia institucional 2025"
Radio Norte,720 AM,AM,,,Variada,INDOTEL,"Referencia institucional 2025"
Radio ABC,540 AM,AM,,,Noticias y opinión,INDOTEL,"Referencia institucional 2025"
Radio Guarachita,690 AM,AM,,,Merengue,INDOTEL,"Referencia institucional 2025"
Radio Popular,950 AM,AM,,,Variada,INDOTEL,"Referencia institucional 2025"
Radio Disney,97.3 FM,FM,,,Pop,INDOTEL,"Referencia institucional 2025"
Ritmo 96,96.4 FM,FM,,,Variada,INDOTEL,"Referencia institucional 2025"
Rumba,98.5 FM,FM,,,Variada,INDOTEL,"Referencia institucional 2025"
Sonido Suave,99.3 FM,FM,,,Romántica,INDOTEL,"La fuente institucional también referencia Alofoke en esta frecuencia; verificar marca vigente"
Perla,106.3 FM,FM,,,Variada,INDOTEL,"Referencia institucional 2025"
Festival,90.3 FM,FM,,,Variada,INDOTEL,"Referencia institucional 2025"
Hibis Radio,1070 AM,AM,,,Variada,INDOTEL,"Referencia institucional 2025"
Arena,104.3 FM,FM,,,Variada,INDOTEL,"Referencia institucional 2025"
Fama,89.5 FM,FM,,,Variada,INDOTEL,"Referencia institucional 2025"
Paloma,103.9 FM,FM,,,Romántica,INDOTEL,"Referencia institucional 2025"
La Mejor,94.9 FM,FM,,,Variada,INDOTEL,"Referencia institucional 2025"
Montaña FM,93.7 FM,FM,,,Variada,INDOTEL,"Referencia institucional 2025"
Turismo FM,98.7 FM,FM,,,Variada,INDOTEL,"Referencia institucional 2025"
La Kalle,96.6 FM,FM,,,Urbana,INDOTEL,"Referencia institucional 2025"
Magia FM,96.3 FM,FM,,,Variada,INDOTEL,"Referencia institucional 2025"
Mambo,94.3 FM,FM,,,Merengue,INDOTEL,"Referencia institucional 2025"
Ultra,106.7 FM,FM,,,Variada,INDOTEL,"Referencia institucional 2025"
